{"cameraMode":{"drawMode":0,"name":"Shaded","section":"Shading Mode"},"sceneLighting":false,"audioPlay":false,"sceneViewState":{"m_AlwaysRefresh":false,"showFog":true,"showSkybox":false,"showFlares":true,"showImageEffects":true,"showParticleSystems":true,"showVisualEffectGraphs":true,"m_FxEnabled":true},"in2DMode":false,"pivot":{"x":-1.1922645568847657,"y":-0.4048736095428467,"z":-0.25492429733276369},"rotation":{"x":0.08885058015584946,"y":0.5965511798858643,"z":-0.0666709691286087,"w":0.7948883771896362},"size":0.8660253882408142,"orthographic":false}