{"cameraMode":{"drawMode":0,"name":"Shaded","section":"Shading Mode"},"sceneLighting":true,"audioPlay":false,"sceneViewState":{"m_AlwaysRefresh":false,"showFog":true,"showSkybox":true,"showFlares":true,"showImageEffects":true,"showParticleSystems":true,"showVisualEffectGraphs":true,"m_FxEnabled":true},"in2DMode":false,"pivot":{"x":216.36660766601563,"y":-30.98918914794922,"z":63.034767150878909},"rotation":{"x":0.041231825947761539,"y":-0.8271542191505432,"z":0.06120620295405388,"w":0.5583161115646362},"size":1.144553542137146,"orthographic":false}